<?xml version="1.0" encoding="UTF-8"?>
<project-private xmlns="http://www.netbeans.org/ns/project-private/1">
    <editor-bookmarks xmlns="http://www.netbeans.org/ns/editor-bookmarks/2" lastBookmarkId="0"/>
    <open-files xmlns="http://www.netbeans.org/ns/projectui-open-files/2">
        <group>
            <file>file:/C:/Users/gmarl/OneDrive/Documentos/NetBeansProjects/controlAsistenciaMVC/src/Vista/General.java</file>
            <file>file:/C:/Users/gmarl/OneDrive/Documentos/NetBeansProjects/controlAsistenciaMVC/src/Vista/vEmpleado.java</file>
            <file>file:/C:/Users/gmarl/OneDrive/Documentos/NetBeansProjects/controlAsistenciaMVC/src/Vista/vTurno.java</file>
            <file>file:/C:/Users/gmarl/OneDrive/Documentos/NetBeansProjects/controlAsistenciaMVC/src/Controlador/cAsistencia.java</file>
            <file>file:/C:/Users/gmarl/OneDrive/Documentos/NetBeansProjects/controlAsistenciaMVC/src/Vista/vReporte.java</file>
            <file>file:/C:/Users/gmarl/OneDrive/Documentos/NetBeansProjects/controlAsistenciaMVC/src/Vista/vAsistenciav2.java</file>
            <file>file:/C:/Users/gmarl/OneDrive/Documentos/NetBeansProjects/controlAsistenciaMVC/src/Controlador/cReporte.java</file>
            <file>file:/C:/Users/gmarl/OneDrive/Documentos/NetBeansProjects/controlAsistenciaMVC/src/Controlador/cTurno.java</file>
            <file>file:/C:/Users/gmarl/OneDrive/Documentos/NetBeansProjects/controlAsistenciaMVC/src/Controlador/cLogin.java</file>
            <file>file:/C:/Users/gmarl/OneDrive/Documentos/NetBeansProjects/controlAsistenciaMVC/src/Vista/vDepartamento.java</file>
            <file>file:/C:/Users/gmarl/OneDrive/Documentos/NetBeansProjects/controlAsistenciaMVC/src/Controlador/cUsuario.java</file>
            <file>file:/C:/Users/gmarl/OneDrive/Documentos/NetBeansProjects/controlAsistenciaMVC/src/Vista/vUsuario.java</file>
        </group>
    </open-files>
</project-private>
